"Timestamp","What is your age?﻿","What gender do you identify as?","What kind of phone do you use?","Do you have any of these common dietary restrictions when eating out?","Do you have other dietary restrictions or food preferences when eating out?","If you are comfortable answering, what is the reason for your dietary restrictions?","Do you check out a restaurant's menu before choosing to eat there?","If you do check out a restaurant's menu before eating there, how do you look at the menu?","Please rate the aspects of a restaurant that influence your decisions to eat there most. [Dietary restriction friendliness]","Please rate the aspects of a restaurant that influence your decisions to eat there most. [Deliciousness]","Please rate the aspects of a restaurant that influence your decisions to eat there most. [Location]","Please rate the aspects of a restaurant that influence your decisions to eat there most. [Hours of operation]","Please rate the aspects of a restaurant that influence your decisions to eat there most. [Price]","Please rate the aspects of a restaurant that influence your decisions to eat there most. [Healthiness]","Please rate the aspects of a restaurant that influence your decisions to eat there most. [Atmosphere / eat-in quality]","Please rate the aspects of a restaurant that influence your decisions to eat there most. [Speed / take-out quality]","Do you have specific restaurants you visit often?","If you do have specific restaurants you visit often, what keeps you coming back? If you do not, why not?","In your opinion what is the best way to find a new place to eat?","Do you like to try out places to eat that are recommended to you by others?","How often do you ask for modifications to menu items in order to fit within your dietary restrictions or food preferences?","Have you ever had a bad experience at a restaurant to do with your dietary restrictions or food preferences? If you have, please tell us about it!","Do dietary restrictions or food preferences of friends/family affect where you eat?","How often do you eat at the following types of restaurants? [Eat-in]","How often do you eat at the following types of restaurants? [Take-out]","How often do you eat at the following types of restaurants? [Fast Food]","How often do you eat at the following types of restaurants? [Formal Dining]","How often do you eat at the following types of restaurants? [Bars/Pubs]","Do you have difficulty finding restaurants that meet your dietary restrictions or food preferences when you travel?","Do you use apps that help you find places to eat? What are they, and what do you like or dislike about them?","Do you use apps that help you grocery shop? What are they, and what do you like or dislike about them?"
"2019/10/01 2:19:28 AM GMT","45-54","Female","Android","","","","Yes","On my phone","Not Important","Very Important","It matters","Important","Important","Less Important","Important","Important","No","","The menu","Yes","4","","No","1-2 times a month","1-2 times a month","1-2 times a month","1-2 times a month","Never","Yes","",""
"2019/10/01 2:21:54 AM GMT","55-64","Female","Android","","No","","Sometimes","On my phone","Less Important","Very Important","It matters","It matters","Less Important","It matters","Important","Less Important","Yes","Food quality, atmosphere,  close to home","Mouth to mouth review ","Yes","1","No","Yes","1-2 times a month","1-2 times a week","1-2 times a week","1-2 times a month","Never","No","Google map. ","No"
"2019/10/01 2:23:49 AM GMT","55-64","Male","Iphone","Gluten free","","","No","I don't","It matters","Important","It matters","It matters","It matters","Important","Important","It matters","No","","Google reviews","Yes","2","","No","1-2 times a week","1-2 times a week","1-2 times a week","1-2 times a month","1-2 times a month","No","",""
"2019/10/01 2:40:02 AM GMT","25-34","Male","Android","","","","Sometimes","On my phone","Less Important","Very Important","Important","Important","It matters","It matters","Important","Less Important","Yes","Nostalgia, quality ","Online search","Yes","2","","No","1-2 times a month","1-2 times a week","1-2 times a month","1-2 times a month","Never","No","No","Nope, but Panagiota does and she is cute."
"2019/10/01 2:47:18 AM GMT","45-54","Female","Iphone","Lactose intolerance","Whole foods","Heart health, digestion, climate change","Yes","On my computer","Important","Important","Less Important","It matters","It matters","Important","Less Important","It matters","Yes","Freshness, food color","Word of mouth","Yes","3","","Sometimes","1-2 times a month","1-2 times a month","1-2 times a week","1-2 times a month","Never","Sometimes","NA","NA"
"2019/10/01 2:52:31 AM GMT","18-24","Male","Android","Lactose intolerance","","","Yes","On my computer","Less Important","Very Important","Very Important","Very Important","Important","Less Important","Not Important","Not Important","Yes","Good food that I enjoy the taste of, and can't make at home","Google or asking friends","Yes","3","","Yes","1-2 times a month","1-2 times a week","Never","Never","Never","No","SKipthedishes","No"
"2019/10/01 2:57:13 AM GMT","25-34","Female","Android","Lactose intolerance;Gluten free","I get food poisoning a lot so I try to pay attention to how well food is prepped and cooked fully ","Intolerant to dairy and certain grain types. Also get food poisoning often ","Yes","On my phone","Very Important","Very Important","It matters","It matters","It matters","Very Important","Less Important","It matters","Yes","Good food","Talking to locals ","Yes","5","Nope","Sometimes","1-2 times a month","1-2 times a month","1-2 times a month","1-2 times a month","1-2 times a month","No","Google maps ","Nope"
"2019/10/01 3:02:06 AM GMT","45-54","Female","Android","","","","Sometimes","On my phone","Very Important","Very Important","It matters","Important","Important","Important","Important","Important","No","","Trial and error","Yes","1","No","Sometimes","Never","1-2 times a week","1-2 times a week","Never","Never","No","",""
"2019/10/01 3:02:51 AM GMT","18-24","Female","Google pixel","Lactose intolerance","","Unable to process dairy products","Sometimes","On my phone","Very Important","Very Important","Less Important","It matters","Important","Important","Important","Important","Yes","Delicious, adorable and can usually accomadate my restrictions","Word of mouth","Yes","3","Cross contamination with dairy free products made for one very sick customer","Sometimes","1-2 times a week","1-2 times a week","1-2 times a week","1-2 times a month","1-2 times a month","Yes","No but it would be helpful","Yes, I can set my dietary restrictions and I get shown products that I can have. Very helpful"
"2019/10/01 3:22:17 AM GMT","45-54","Female","Android","","","","Yes","In person","Not Important","Very Important","It matters","It matters","It matters","Less Important","Very Important","It matters","Yes","They do it just right ","Try out ","Yes","2","","Sometimes","1-2 times a month","1-2 times a month","1-2 times a month","1-2 times a month","Never","No","No","No"
"2019/10/01 3:22:35 AM GMT","18-24","Female","Iphone","","","","Yes","On my phone","Not Important","Very Important","It matters","It matters","Very Important","Important","Important","Important","Yes","Atmosphere and food quality","Friend recommendations ","Yes","2","","Yes","1-2 times a month","1-2 times a month","1-2 times a month","Never","Never","Sometimes","",""
"2019/10/01 3:24:13 AM GMT","18-24","Male","Iphone","Vegan","","Jesus! ","Yes","On my phone","Important","Very Important","It matters","Important","Very Important","Not Important","Less Important","Less Important","Yes","","Friends/ reviews/ google maps ""food near me""","Yes","3","","Yes","1-2 times a month","1-2 times a month","1-2 times a month","1-2 times a month","Never","Yes","",""
"2019/10/01 3:27:43 AM GMT","25-34","Male","Iphone","","No","","Yes","On my phone","It matters","Very Important","Important","Very Important","Very Important","Very Important","It matters","It matters","Yes","","Asking people","Yes","1","","Yes","1-2 times a week","1-2 times a week","1-2 times a week","1-2 times a month","1-2 times a month","No","",""
"2019/10/01 3:45:01 AM GMT","18-24","Female","Android","Lactose intolerance;Gluten free","","Allergy/intolerance","Yes","On my phone","Very Important","Very Important","Important","Less Important","Important","It matters","Less Important","Not Important","Yes","good food for a decent price, comfortable with what I know","ask my friends/family","Yes","4","Had a server get annoyed with me when I asked if there were any gluten free options other than salad, even when I specified that my gluten intolerance is medical and not a personal choice; there were no options other than side salads and french fries","Yes","1-2 times a month","Never","Never","Never","1-2 times a month","Yes","Google maps, I like that it has reviews, but never information about dietary restrictions","No, I just read ingredients"
"2019/10/01 3:49:29 AM GMT","18-24","Female","Iphone","","","","Yes","On my phone","Not Important","Very Important","It matters","It matters","Important","Less Important","Very Important","It matters","Yes","Delicious food & fun atmosphere. Wouldn’t be able to cook the food available at home","“Window shopping” - walking down a busy street until something looks good, or friend/online recommendations","Yes","2","","No","Never","1-2 times a month","1-2 times a month","Never","1-2 times a month","No","",""
"2019/10/01 3:54:08 AM GMT","18-24","Female","Iphone","","No fish","Allergy","Sometimes","On my phone","Very Important","Very Important","Very Important","Important","Very Important","It matters","Less Important","Less Important","Yes","I know the food is safe ","Friends recommended ","Yes","3","","Yes","1-2 times a month","1-2 times a month","1-2 times a month","Never","1-2 times a month","Sometimes","",""
"2019/10/01 3:54:54 AM GMT","18-24","Female","Iphone","Gluten free","","Celiac Disease","Yes","On my phone","Very Important","Very Important","It matters","It matters","It matters","It matters","Important","It matters","Yes","They haven’t made me sick with cross contamination ","Celiac forums ","Yes","5","Lied about it being GF I was hospitalized ","Yes","1-2 times a month","1-2 times a month","1-2 times a week","Never","Never","Yes","Sometimes they aren’t accurate and don’t have up to date information","Flipp, I can search flyers. But can’t check ingredients "
"2019/10/01 4:05:04 AM GMT","18-24","Female","Iphone","","","","Sometimes","On my phone","It matters","Important","Important","Important","Important","Very Important","Very Important","Important","Yes","The atmosphere and service ","Friend reviews ","Yes","3","","Yes","1-2 times a month","1-2 times a month","1-2 times a week","Never","1-2 times a month","No","",""
"2019/10/01 4:40:33 AM GMT","18-24","Female","Iphone","","","","Sometimes","On my phone","Not Important","Very Important","Important","Important","Important","Not Important","Important","Important","Yes","good service, comfortable environment, good food","read reviews online and try our the best rated ones ","Yes","1","","No","1-2 times a month","1-2 times a month","1-2 times a month","Never","Never","No","Yelp. I like that anyone can post on there and i dislike how easy it is to mislead others or damage the reputation of a place with a negative review ",""
"2019/10/01 4:45:09 AM GMT","35-44","Female","Iphone","","No","","Sometimes","On my computer","It matters","Very Important","Important","It matters","It matters","Important","Important","Important","Yes","Flavor, delicious or not. ","Check trip advisor or friend’s recommendation ","Yes","1","","Sometimes","1-2 times a month","Never","1-2 times a week","1-2 times a month","Never","No","Trip advisor/Yelp/Dianping","Flipp. Whenever I wanna check something on sale."
"2019/10/01 5:05:20 AM GMT","18-24","Female","Android","Lactose intolerance","","Stomach pain","Yes","On my phone","It matters","Important","It matters","It matters","It matters","Less Important","It matters","It matters","Yes","Location and quality of food","Asking friends or family","Yes","3","","Yes","Almost every day","1-2 times a week","1-2 times a month","1-2 times a month","Never","No","No","No"
"2019/10/01 5:07:27 AM GMT","25-34","Female","Android","","No","N/A","Sometimes","On my phone","Less Important","Very Important","It matters","It matters","Less Important","Very Important","Very Important","Less Important","Yes","Delicious food","Through friends","Yes","1","N/A","Sometimes","1-2 times a month","1-2 times a month","Never","1-2 times a month","Never","No","No","No"
"2019/10/01 5:19:27 AM GMT","18-24","Female","Android","","","","Sometimes","In person","Not Important","Important","Important","Less Important","Important","Important","Important","Important","Yes","A Combination of food and friendly staff","Coincidence and friends advice","Yes","1","","No","1-2 times a month","1-2 times a month","Never","1-2 times a month","Never","No","",""
"2019/10/01 5:22:30 AM GMT","45-54","Female","Android","","","","No","I don't","It matters","Important","Important","Less Important","Important","Important","Important","Important","Yes","Είναι κοντά στο σπίτι μας.","Internet ή τα σχόλια φίλων.","Yes","2","Ωμό κρέας","Yes","1-2 times a month","Never","1-2 times a month","Never","Never","Sometimes","",""
"2019/10/01 5:35:36 AM GMT","18-24","Female","Iphone","","Allergic to Pineapple ","","Yes","On my phone","Not Important","Important","Important","Very Important","It matters","It matters","Important","Very Important","Yes","The service and the location/food","Yelp or google ","Yes","3","","Sometimes","1-2 times a month","1-2 times a week","1-2 times a week","1-2 times a week","1-2 times a week","No","Yelp an google. Not as detailed ",""
"2019/10/01 5:40:55 AM GMT","18-24","Nonbinary","Iphone","Lactose intolerance;Peanut or other nut allergy;Gluten free","FODMAP for IBS. Essentially, along with the above, no garlic or onion","IBS, not wanting to die","Yes","On my phone","Very Important","Important","It matters","Less Important","It matters","Important","Less Important","Not Important","Yes","Lack of cross contamination, LGBTQ+ friendly","Find me GF app, then being somewhere and seeing if there’s anything I can eat","Yes","5","","Sometimes","1-2 times a month","1-2 times a week","1-2 times a month","Never","Never","Yes","Find me GF. Content is often locked behind paywall. Like the opportunity to leave/read reviews","Not really"
"2019/10/01 6:06:38 AM GMT","18-24","Female","Iphone","Vegetarian","No eggs, no meat, no seafood. Preferably healthy (whole grains, high fibre fruits and veggies)","Religious","Sometimes","On my computer","Very Important","Very Important","Less Important","Less Important","It matters","Important","Important","Less Important","Yes","Quality of the service and food. ","Going with friends who enjoy trying new things.","Yes","4","Even though I have dietary restrictions, usually the food I get tastes good and makes me feel good. Sometimes, I’ll come across a place that has limited options (as per my restrictions), poor taste in food and food that makes me feel sick.","Yes","1-2 times a month","1-2 times a month","1-2 times a week","1-2 times a month","Never","Yes","Nope ","Nope"
"2019/10/01 6:07:09 AM GMT","35-44","Female","Iphone","Lactose intolerance;Peanut or other nut allergy","Shellfish, nuts, lácteos, lots of animals","Allergies, discomfort ","Yes","On my phone","Important","Important","It matters","It matters","It matters","Important","Important","Important","Yes","Clean food, service, wine list ","By type of food","Yes","5","When they cook with bad oils my stomach goes bananas","Sometimes","1-2 times a month","1-2 times a week","1-2 times a month","1-2 times a month","1-2 times a month","Sometimes","No apps, most likely is by reference from a friend either by social media ","No, I like to go to the farmers market, choose my food, chat with the farmers and see the way the grow their food, always ask about the picking day "
"2019/10/01 1:35:55 PM GMT","45-54","Male","Android","","","","Yes","In person","Very Important","Very Important","Less Important","Not Important","It matters","Very Important","Important","Important","No","","Internet ","Yes","2","","No","1-2 times a month","1-2 times a month","1-2 times a month","1-2 times a month","Never","Sometimes","",""
"2019/10/01 3:25:41 PM GMT","18-24","Female","Iphone","Vegan","","The environment ","Yes","On my phone","Less Important","Important","Important","Less Important","Very Important","It matters","It matters","Less Important","Yes","The food is good","Google ","Yes","1","","Yes","1-2 times a week","Never","Never","Never","1-2 times a week","No","",""
"2019/10/01 5:49:00 PM GMT","25-34","Male","Android","","No","I don't have any","Sometimes","On my phone","Not Important","Very Important","Important","It matters","Important","Less Important","Important","Important","Yes","Deliciousness and price keeps me going back!","Going through restaurants listed on Google maps","Yes","2","No","No","1-2 times a month","1-2 times a month","1-2 times a month","1-2 times a month","Never","No","Just Google.  They have recommendations for me.","No"
"2019/10/01 5:50:44 PM GMT","18-24","Female","Android","Lactose intolerance;Halal","Salads with salmon","It's yummy","Yes","On my phone","It matters","Very Important","It matters","It matters","Important","Important","Very Important","Less Important","Yes","Price, good quality","Google","Yes","3","Bacon on ceaser salad, pretty often ","Yes","1-2 times a month","1-2 times a month","1-2 times a month","1-2 times a month","Never","No","no","no"
"2019/10/01 9:01:25 PM GMT","18-24","Female","Iphone","Vegetarian","No","Just by choice","Yes","On my phone","Important","Very Important","Important","Less Important","Very Important","Important","It matters","It matters","No","I like trying new things rather than sticking to the same thing","Online, I use Yelp","Yes","2","I usually order only vegetarian dishes, so no problem with this","No","1-2 times a month","Never","Never","Never","Never","Yes","Yelp - lots of reviews and organized so it’s easy to find good places that suit my needs","No, have not used any before"
"2019/10/01 9:45:41 PM GMT","18-24","Female","Iphone","","No","N/A","Yes","On my phone","Less Important","Very Important","Important","Important","Important","Important","Important","It matters","Yes","Good food, comfortable atmosphere ","Looking at their menu","Yes","2","No","Yes","1-2 times a month","1-2 times a week","1-2 times a month","1-2 times a month","Never","No","Google’s and google maps  search results. Simple layout of info","No"
"2019/10/01 11:03:47 PM GMT","18-24","Female","Iphone","Vegetarian","","","Yes","On my phone","Very Important","Important","Less Important","Less Important","Less Important","Less Important","Important","Not Important","Yes","delicious food","looking for reccomendations on instagram
","Yes","3","","Yes","1-2 times a week","1-2 times a month","1-2 times a month","1-2 times a week","1-2 times a month","Yes","",""
"2019/10/01 11:26:41 PM GMT","25-34","Male","Android","","No artificial sugar, no white sugar","Bad for the mind and body ","Sometimes","On my phone","Less Important","Very Important","Important","Less Important","Less Important","Important","It matters","Less Important","Yes","Pro:Same good quality, no fluctuations. Con: Food made without love ( hingeklatschte pampe :) ), salty food","Ask people from the area, a restaurant which is always full of people from that place is in 95% really good :D","No","1","No.","Sometimes","1-2 times a week","1-2 times a week","Never","1-2 times a month","Never","No","Google Ratings","Nope"
"2019/10/02 2:25:45 AM GMT","18-24","Female","Iphone","Halal","No","","Yes","In person","Important","Important","Very Important","Very Important","Very Important","Very Important","Very Important","Very Important","No","","By rates","Yes","5","","Yes","1-2 times a month","1-2 times a month","1-2 times a month","1-2 times a month","Never","Sometimes","Yes","Yes"
"2019/10/02 6:17:59 PM GMT","18-24","Female","Iphone","","","","Sometimes","On my computer","Less Important","Important","Important","It matters","Important","It matters","Important","It matters","Yes","How good the food is and how close it is to my house","Google","Yes","2","","Sometimes","1-2 times a month","1-2 times a week","1-2 times a month","Never","1-2 times a month","No","",""
"2019/10/02 8:48:04 PM GMT","18-24","Female","Iphone","","Cannot eat halal or kosher meat ","Religious ","Yes","On my phone","It matters","Very Important","Important","It matters","It matters","Important","Very Important","Less Important","Yes","Cactus Club ! They have fun drinks !","Through friends or Instagram ","Yes","2","Nope !","Sometimes","1-2 times a month","Never","1-2 times a week","1-2 times a month","Never","No","Yes! I think it’s called open table, I also just use Instagram - it’s nice what different foods people aren’t ordering from the place. I like when the app shows pictures of the food On the menus, ","I don’t "
"2019/10/02 11:12:48 PM GMT","18-24","Male","Android","Halal","","Religion ","Sometimes","On my phone","It matters","Important","Important","Less Important","Very Important","Important","Very Important","Very Important","Yes","The owners, the food and the atmosphere ","Recommendations from others","Yes","2","None ","Yes","1-2 times a month","1-2 times a week","Never","1-2 times a week","Never","Sometimes","I use reddit for recommendations. I like the informal and truthful responses.","No I do not. "
"2019/10/03 3:57:49 AM GMT","25-34","Non-Binary","Android","","I'll eat it all","","Yes","On my phone","Not Important","Very Important","It matters","It matters","It matters","Less Important","Important","Less Important","Yes","Good food, atmosphere.","Word of mouth.","Yes","3","Yeah the one time they gave my boyfriend fried parmesan chips when he's lactose intolerant.","Yes","Almost every day","Almost every day","Almost every day","1-2 times a week","Almost every day","Yes","No","I'd love to use apps the help me grocery shop but I can't afford them."
"2019/10/03 5:51:01 AM GMT","25-34","Female","Android","","","","No","I don't","Not Important","Important","Very Important","Important","Important","Less Important","It matters","Less Important","No","","Word of mouth","Yes","1","","No","Almost every day","1-2 times a month","1-2 times a month","1-2 times a month","1-2 times a month","No","",""
"2019/10/03 7:37:08 AM GMT","18-24","Female","Iphone","Vegetarian","No, just that food should be good","","Yes","On my phone","Important","Very Important","Very Important","Very Important","Important","Not Important","It matters","Less Important","Yes","The quality of the food","Search it up on google ","Yes","4","","Yes","1-2 times a month","1-2 times a month","1-2 times a month","1-2 times a month","Never","Yes","",""
"2019/10/03 11:35:13 AM GMT","18-24","Male","Android","Vegan","Keto","Diet","Yes","On my phone","Very Important","Very Important","It matters","It matters","Important","It matters","Less Important","Not Important","Yes","Open very late","Yelp","Yes","4","","Yes","Almost every day","Never","Never","1-2 times a month","Never","Yes","Yelp, google maps. I have to go through reviews or look at the menu to see if it's compatible ","PC express, pc optimum, Amazon shopping, outofmilk, recipe keeper"
"2019/10/03 8:23:14 PM GMT","25-34","Male","Iphone","Peanut or other nut allergy","","Allergy","Sometimes","On my phone","It matters","Important","Important","It matters","It matters","It matters","It matters","It matters","Yes","Balance of familiarity, variety, salience, etc.","Recommendation from social group.","Yes","2","","Sometimes","1-2 times a month","1-2 times a week","1-2 times a week","Never","1-2 times a month","No","Skip the Dishes - Like: consolidated menus & availability, dislike: abusive work practices; ","AnyList - grocery list app - Like: accessible & stores recipes, dislike: pay for quality of life features & rather clunky"
"2019/10/04 12:33:30 AM GMT","18-24","Female","Iphone","","No pork or beef","Religious ","Yes","On my phone","Important","Very Important","It matters","Not Important","Less Important","Less Important","Very Important","Important","Yes","Quality of service and taste and variety of food","Ask for recommendations","Yes","2","","Yes","1-2 times a month","Almost every day","Almost every day","1-2 times a month","Never","No","",""
"2019/10/04 2:32:24 PM GMT","25-34","Male","Iphone","Vegetarian","No","Climate Crisis","Yes","On my phone","Important","Very Important","It matters","Less Important","It matters","Important","It matters","Less Important","No","I try different places, North America has a surplus of restaurants","Recommendations from friends","Yes","2","","Sometimes","1-2 times a month","1-2 times a month","Never","Never","1-2 times a week","No","",""
"2019/10/06 3:24:26 AM GMT","18-24","Female","Android","","","","Sometimes","On my computer","Less Important","Very Important","It matters","It matters","Important","It matters","Important","It matters","Yes","Unique, or type of food","Pick a country randomly","Yes","1","","Sometimes","1-2 times a month","Never","1-2 times a week","Never","Never","No","",""
"2019/10/06 6:59:13 AM GMT","18-24","Prefer not to say","Android","","low sugar","diabetes family history","Yes","On my phone","It matters","Very Important","Very Important","It matters","Very Important","Important","Important","It matters","Yes","food good","word of mouth, jaymee's food blog","Yes","2","","Yes","1-2 times a month","1-2 times a month","Almost every day","Never","Never","No","nope","nope"